Id,Category
169491,49
33711,15
100051,2
15271,57
13291,2
146571,2
145202,2
166652,33
1282,33
71512,57
24691,57
187130,28
31122,2
125731,33
125732,33
174961,33
125980,28
131642,57
135272,33
195130,2
195131,57
195132,7
11892,57
136812,2
84622,3
117291,2
21252,33
64220,50
84430,33
113740,33
113742,2
41071,22
27502,57
49681,2
49682,33
147491,57
19671,2
95480,53
138791,57
163772,2
96300,57
2350,56
2351,1
72000,33
152732,44
166402,33
131030,33
25160,57
25162,57
26752,33
26750,2
108460,57
148750,21
142411,57
92520,33
30542,2
91362,3
48642,1
93010,33
103052,33
149800,11
123661,39
123532,22
110692,57
185080,2
185082,39
105361,2
45442,57
160190,54
39651,57
145531,33
111060,33
78961,57
5421,1
166700,32
53202,33
146232,57
146230,53
33320,14
127890,21
99502,57
118582,3
198511,53
54671,57
169290,1
173191,2
59760,32
70241,39
153031,39
42671,56
115021,33
144440,28
40700,30
99281,39
47511,57
155602,33
23161,2
111342,57
44700,11
49941,18
49942,33
63760,57
195770,34
34431,33
110840,33
48390,57
178221,57
180352,1
40391,57
56811,5
140382,3
193091,33
193092,56
14951,6
61492,33
125192,33
65291,43
140792,11
1480,19
187462,28
71681,57
181042,57
7282,1
173022,57
172972,33
44680,33
33910,31
45202,5
47742,2
32132,57
145700,57
123210,3
187802,2
125340,53
22921,26
22922,2
152791,2
103951,2
38680,33
144780,33
44090,3
161972,57
53240,33
174292,34
25671,57
2902,57
177330,2
126211,2
20852,40
40462,33
20170,57
116572,2
99911,2
170710,6
19862,38
21360,33
65310,5
182260,57
60090,9
49371,2
167801,57
60021,3
49240,39
49242,56
187850,50
187852,57
21161,57
74410,29
74411,33
32971,33
199661,57
27022,33
70431,57
169272,57
185842,57
191321,57
20101,17
199532,12
160902,4
15761,57
78702,2
112340,33
156622,57
168932,33
198592,2
46852,2
75760,57
27252,57
146200,35
164940,21
1642,57
42180,57
44982,33
192601,33
66322,39
129281,57
76651,57
118021,33
88931,13
14771,2
103531,57
21841,33
50630,57
164541,33
164542,33
165211,33
15470,47
46072,57
92232,2
44202,33
30292,2
92291,57
19492,57
54402,2
80552,57
28730,53
188821,33
188822,2
22050,3
173220,41
18890,39
85081,29
60331,2
871,33
23252,1
150401,57
27652,24
118811,2
172612,57
171842,33
113832,57
48652,17
109782,33
133721,48
4032,33
94361,57
164832,57
164831,57
116021,57
12912,57
58512,57
59481,18
146080,57
69670,57
105210,2
182010,57
182012,33
35541,2
6512,33
43921,57
143600,39
115010,2
119190,51
99370,57
52390,18
199562,33
127151,2
43282,57
122142,1
104440,25
12872,57
118822,3
100981,2
155532,57
10672,53
161011,57
164251,33
38581,33
41551,52
55152,57
55151,57
111710,57
7381,33
7382,13
95741,20
189400,33
104530,57
16140,57
16141,57
29231,57
199681,2
199682,2
152802,57
163360,39
9062,33
83461,2
194811,2
8842,33
84821,49
18242,2
10362,8
133902,57
157892,2
21012,57
174930,8
174932,33
66582,2
88780,33
88782,2
170921,3
41841,33
15222,2
78422,57
193960,2
78902,1
37532,1
189161,33
98792,36
150480,19
86172,33
189481,57
136460,33
130591,57
191991,57
39000,57
58411,57
154052,2
170302,17
195072,57
113622,57
49960,2
58172,22
176192,2
194442,57
86031,57
171801,57
97842,33
69660,4
140822,2
4471,21
156451,33
41330,33
41331,46
41332,6
28411,57
28412,2
198671,33
112360,39
32522,33
176070,2
9741,33
166602,33
57830,44
142092,57
138240,2
138241,57
133612,57
180770,2
156420,33
21981,33
199062,33
41212,2
198522,33
169622,57
14360,33
108591,2
185550,2
112590,39
32571,33
61080,21
44761,14
118290,2
156530,57
30801,56
30802,33
50850,34
115152,57
99420,21
49181,33
72811,57
13892,57
11472,57
6730,33
47410,56
18282,57
87032,33
147400,2
138960,3
156720,33
56411,57
177632,33
19361,57
40371,57
3661,57
53781,57
94850,57
113492,57
170042,57
71290,57
83052,29
13222,57
66210,2
104922,33
31610,57
161592,2
117320,2
69050,2
85312,2
85310,39
89761,43
60620,2
82881,57
50381,57
197911,3
180602,2
136650,57
11941,33
35150,43
79100,18
79102,57
30170,21
30171,2
110621,57
187101,2
188202,0
75042,2
139420,54
59171,57
125671,39
12041,53
145412,39
34032,57
19431,2
80632,22
114250,57
50480,57
96730,33
15091,2
15092,53
24471,57
119841,2
145290,57
76751,57
39181,57
167062,57
65972,39
49232,33
47990,57
158621,2
26311,6
139920,48
85751,57
53111,57
20410,3
19331,57
20810,57
57591,53
10600,52
10602,57
87361,43
125840,34
67382,37
173072,4
174911,50
61290,22
157130,19
157131,1
25302,33
30252,57
130552,34
125922,57
51231,57
38240,2
129470,57
139860,41
20922,33
2270,57
2271,33
76030,2
83962,2
91651,8
117950,57
1880,57
123700,33
116281,50
151512,31
126360,45
197452,57
63351,2
162581,33
104461,22
177542,57
65180,26
130901,39
193072,28
83710,4
101011,33
198362,57
20501,18
182791,33
189802,12
68041,54
78921,33
61442,8
67071,57
57741,33
101141,2
179252,33
85682,33
69511,57
174391,21
166810,57
162141,33
34472,0
70900,57
130750,57
101042,57
156410,2
81460,57
118082,33
191261,26
190261,13
8370,49
33262,33
136010,57
104041,33
9431,57
178352,2
177991,57
99730,31
52422,33
154240,2
193232,33
153401,57
40882,57
63191,57
165672,13
165671,39
102551,57
960,30
197551,57
133141,57
52690,2
33921,44
93981,27
46452,57
140372,53
88422,57
187322,2
121370,33
121371,44
45562,2
118001,21
103872,56
103870,33
112611,57
76971,57
136211,57
71610,33
188491,57
102221,33
102770,33
36142,57
163032,33
11692,33
35882,27
160940,33
174771,13
131310,33
281,39
129672,57
190150,33
142421,12
123612,2
79150,33
33460,56
116961,17
55222,2
9020,2
188440,57
118241,57
119582,46
96470,44
153112,0
25890,57
11681,39
11682,15
148212,4
150450,53
150452,57
80012,2
183471,40
130190,38
56710,57
180371,57
138602,50
22391,0
48382,44
105642,57
120361,33
66540,18
169400,2
169402,17
183222,33
110002,33
89121,57
178030,56
99850,39
196301,57
150441,57
156151,57
15122,17
185730,2
175542,57
56502,39
89712,39
44802,57
151611,57
151612,57
86110,33
18872,33
79611,57
155991,18
24292,1
63022,57
92600,2
75942,35
194800,33
99820,9
71022,2
129600,53
129601,0
88862,1
2481,54
92082,52
35752,57
172220,41
76690,33
3521,4
137690,57
191142,2
79431,2
115050,50
139320,30
186370,2
148732,30
63490,22
63491,33
10380,57
10381,57
74161,57
49742,2
142952,57
131771,1
167311,23
2131,21
19221,57
130021,57
114710,18
117462,33
1382,33
13330,57
13332,56
50342,50
20820,18
146721,57
38161,33
135821,33
42722,33
145821,57
40212,33
191880,33
167620,57
81181,39
59002,33
149140,57
39421,57
196592,57
196591,40
34191,57
123240,57
30720,2
163782,57
154720,57
125680,11
143780,39
105412,33
104841,2
139080,6
1521,57
174102,2
126141,57
95922,20
50022,54
72711,28
25841,3
132300,57
117572,29
146752,3
16351,22
145581,57
164181,57
97330,33
2771,2
52931,33
197472,53
11781,33
191570,56
8812,10
178910,57
36950,33
74422,33
142482,57
167342,49
151120,2
26500,35
90232,2
67241,57
192682,33
79012,57
111610,2
160691,33
11122,57
179871,35
118060,33
118061,33
131432,33
171260,37
69111,57
191440,33
64691,3
88732,33
100341,31
40711,2
53281,33
55652,18
60682,32
42871,57
7170,2
122940,5
133730,56
133731,57
188350,57
168940,0
168941,2
180442,57
5321,57
127342,42
75551,57
67822,37
185232,57
157372,57
98652,57
153282,39
158850,57
118302,2
93290,39
120931,33
198171,57
109200,2
149620,33
2582,12
41460,2
126261,34
145500,57
174300,14
172282,49
40651,57
165952,57
31800,57
8950,18
57450,2
124081,57
190762,54
106750,38
65752,0
150642,39
192760,2
165052,22
55141,33
175760,1
109480,57
136551,33
44412,57
30420,21
187091,6
29732,33
19800,50
128672,2
128671,33
40691,33
170622,53
45151,13
81040,22
83280,33
114722,9
70220,57
90420,57
184022,57
71180,39
18820,33
74102,2
90122,1
68341,57
89282,33
28242,33
33490,32
4840,57
4842,57
138490,32
82532,33
138822,57
12712,2
120430,57
182292,2
80071,56
102570,57
60160,57
10291,54
20791,31
132372,43
22822,57
168370,33
155272,57
31300,57
6112,39
142022,43
104631,2
99801,57
169881,33
68061,57
51401,57
51402,2
171602,2
17151,22
147882,38
80390,33
80641,57
66472,57
85032,57
87860,57
189152,57
189151,22
181741,11
19871,57
96022,2
42380,57
172942,18
109992,57
109991,43
146500,57
34490,2
186640,19
186642,33
16960,57
139182,28
30490,57
78140,2
56820,57
75442,57
138061,0
158641,33
77591,57
160632,56
110611,33
114931,57
28390,57
107660,57
197852,57
147052,3
138071,57
74362,33
102530,57
120371,57
175690,39
175692,20
117050,33
60710,33
97250,57
194142,57
53580,57
9842,33
74800,57
64121,49
34822,33
190241,57
190242,57
37180,5
110311,57
35442,5
182422,57
33162,39
124131,56
8830,49
110792,39
76521,57
182050,28
136070,50
148102,56
85980,33
177062,57
46021,33
157571,53
88872,57
88870,57
77711,38
132422,57
117141,33
110321,57
110322,49
133410,36
97830,39
72081,3
113131,54
92270,53
171250,2
110421,53
1001,56
175282,2
184651,57
123551,56
178901,57
128752,33
104512,44
104511,42
12180,57
194740,2
37210,57
7621,2
42021,33
42022,2
91691,3
91692,2
81710,33
11581,33
66852,57
1661,57
166661,57
84832,57
144302,33
80852,33
88601,57
198631,1
127132,57
128402,8
186240,57
122911,2
61850,33
142440,2
107090,57
182472,19
182470,33
177962,33
187811,0
175951,33
188662,33
178060,57
178061,2
180612,2
68762,2
119200,18
52270,56
126930,56
102422,57
96990,3
105611,20
58322,33
57800,43
122172,57
25880,39
93862,27
18900,33
181,2
27850,33
19231,57
5190,32
43550,57
157700,57
127872,22
191932,11
125620,57
125622,7
15251,57
143030,3
167681,39
141691,57
18151,33
173520,57
122072,33
178670,39
51631,57
154690,57
154692,43
89201,25
93410,33
93412,33
30571,1
186321,49
97882,2
89552,57
191592,3
191591,3
194902,8
17851,57
198550,57
198551,19
129872,57
160150,30
160151,26
164912,33
154541,33
108181,2
184270,33
34792,47
149291,33
15462,57
149851,21
70740,57
143802,22
118261,22
72381,39
32420,57
125000,2
184192,2
188301,2
29401,57
25620,2
15842,57
92920,33
87000,57
57951,57
73581,57
140811,57
36750,8
148610,18
12900,34
121830,31
32360,53
32361,34
93652,33
24231,13
19982,57
191980,2
118732,33
150410,33
150412,42
57632,37
125552,13
127181,36
127182,57
153651,3
199880,33
116120,33
196372,1
189250,57
92860,2
98512,43
16212,57
53812,49
144910,57
75502,28
46810,43
198791,4
162602,53
3750,57
99022,33
36492,57
195080,57
123690,2
30551,57
66660,17
44030,57
86020,33
23741,57
193910,2
193981,33
24610,33
12100,2
12102,2
135621,57
38130,33
48702,57
20521,22
81080,57
400,20
61942,28
94171,33
94172,57
79460,42
79462,33
13461,33
89781,57
4802,57
163001,33
172302,1
15651,2
157721,57
68912,33
119480,33
132961,33
120070,50
89630,3
195861,57
188372,57
176851,12
177570,6
13630,57
156022,57
64952,2
178282,33
96892,57
101440,43
75660,57
72650,57
49840,39
129940,57
190220,39
190221,57
83810,2
157441,56
93951,57
67192,33
14022,57
88101,30
148592,53
148591,33
160392,54
113800,57
17370,57
57820,57
113061,33
170991,33
5151,33
16041,57
79701,36
141232,17
141230,29
141231,57
174600,57
81832,17
122781,57
80771,33
134920,57
169070,18
30951,57
159801,33
53951,2
11711,2
56601,33
194302,3
129982,57
64371,2
31160,57
102810,33
151401,42
73622,39
187701,54
164592,2
41600,33
61470,52
24061,57
190992,33
138912,57
109331,56
27222,4
58061,57
57030,57
5720,18
138731,2
187142,55
59451,57
143930,33
168861,33
94642,57
82770,2
32402,57
149002,33
162180,39
145561,57
27032,57
35500,56
35501,57
103422,33
70552,33
82372,33
73050,57
43571,31
3610,57
9572,57
142902,33
40981,33
184710,2
54160,39
52451,13
22462,12
20610,2
11352,22
162542,33
69421,33
88972,3
8352,33
37132,49
109542,57
119870,57
193021,2
18301,19
72541,5
3390,41
109251,33
99431,17
116300,57
116302,3
82860,2
157231,21
129591,57
17090,54
188281,53
155912,57
178002,2
44070,57
100661,30
23891,57
79441,18
12791,41
171232,33
26552,0
30601,2
52462,57
159181,57
94001,1
102850,57
199202,57
179080,33
122951,2
100321,57
10821,57
98331,20
18700,33
67030,57
136830,57
168392,2
114000,11
114001,57
114002,57
110080,33
95102,39
131712,57
25222,2
94241,33
68571,57
13131,2
121011,2
157512,53
23180,57
11950,57
167952,33
167951,2
57810,50
34762,15
60292,57
191700,4
114032,4
11230,55
31911,57
3642,3
98962,57
103210,57
77970,22
77971,27
163931,4
63572,57
71361,2
70470,57
85501,57
162200,57
115960,55
11262,57
86041,33
113111,33
191472,57
5711,57
41282,33
94690,43
199552,33
125172,17
139681,57
63230,57
60100,24
36580,3
5410,31
113542,57
154901,37
147481,5
152572,9
179721,33
14350,2
56420,33
122251,33
95281,2
108940,2
97171,2
41931,18
26322,39
111482,2
70700,13
95150,18
174062,55
74402,57
126480,44
65160,10
74191,39
87102,33
68130,2
62952,2
77621,15
81932,39
96082,57
189372,43
183630,2
131830,44
57172,28
88320,56
50900,54
91191,57
168492,2
130791,57
116341,10
28560,6
18750,18
44300,1
23970,1
5981,33
170102,57
25180,57
96062,25
179820,57
156992,57
86522,57
117500,13
125882,57
3381,48
95812,12
73710,57
134691,33
148311,1
139502,33
64212,0
193821,57
192610,41
173132,22
108272,39
190120,57
190122,1
163081,33
135840,33
104050,57
136200,2
175780,21
146640,33
111942,57
72620,57
86281,33
58182,18
99781,44
80061,2
80062,57
441,33
167502,57
35611,43
28950,53
115650,57
85411,5
96912,57
143712,28
105680,57
89702,33
186612,3
69742,57
81501,57
37871,33
29702,1
183720,32
145071,43
154421,2
30932,57
126600,57
151632,1
114940,57
126190,2
173571,2
98941,33
56370,57
175040,57
27492,31
47012,1
108211,50
50472,2
95841,33
42632,49
42631,33
193240,7
125480,32
108020,57
137212,57
136602,2
184452,57
168532,2
181340,3
181342,53
176340,2
183740,2
181180,1
39042,57
120122,55
94650,3
158061,57
177261,15
81191,35
12802,39
15052,57
102661,57
23801,57
89220,57
180311,20
40071,33
780,57
68860,2
111420,14
101680,1
78541,17
147851,33
121812,57
137050,57
141030,2
133120,29
168612,3
59580,28
117482,18
113331,2
188580,53
111281,57
169202,33
8552,2
115410,48
181582,57
164032,57
37932,57
30331,2
79280,57
115240,33
115241,18
108511,57
194392,33
53660,56
133351,57
12741,2
50551,57
10092,57
17062,47
83302,57
133502,33
109050,47
99672,28
8090,33
9891,15
29762,1
11181,57
44592,57
23220,57
172490,57
172492,33
42372,21
169360,43
169361,43
46000,18
7421,53
101120,56
101122,57
168380,36
67441,57
78602,18
23002,23
126340,33
113522,43
187010,57
17732,18
126231,53
174632,57
34262,1
185091,54
21062,11
183261,53
179971,57
145140,24
98252,2
119251,57
194331,33
40102,53
45582,33
48591,2
171022,57
82942,2
101302,57
41160,33
20071,57
55460,2
104480,4
150912,18
37581,2
54760,22
142261,57
142262,13
23332,57
154252,3
7822,57
2780,31
139711,30
16461,57
165172,57
106920,53
188912,57
158201,33
98681,57
67162,2
66830,57
148080,2
21071,33
149991,39
26461,2
61420,57
167691,39
198282,57
97620,57
97621,48
125381,33
179472,57
125361,33
2311,33
185100,56
165012,33
56470,2
56471,24
27632,21
88190,57
76351,56
129011,33
43720,57
148020,57
66061,2
24121,33
24122,33
166200,57
143440,41
4891,2
114471,57
171370,18
189120,57
8181,57
56902,33
20370,2
130101,32
130102,39
77980,32
163622,2
6271,8
128220,56
131691,30
13640,13
13641,57
13642,33
24581,26
71872,37
140880,30
190860,42
68852,57
14672,57
140621,2
27511,33
136152,2
121820,44
171551,21
45511,39
8361,33
130721,56
130722,33
76782,33
177101,33
129881,57
21201,33
21202,17
39591,0
182531,53
152810,57
187400,57
152562,33
142451,33
87402,57
102211,13
186510,6
7451,57
119960,4
169970,57
104891,41
13670,2
146002,11
80602,57
12581,2
56522,33
187990,2
135681,32
102190,2
5850,31
118391,57
3310,57
109580,1
49421,53
30810,57
156311,57
165181,26
68200,29
61522,6
51200,6
195892,33
181592,1
190382,33
56381,33
12310,33
105162,33
196762,33
6571,33
114021,33
134891,57
56861,11
15230,57
39342,57
23922,2
47070,33
51950,1
159681,57
9372,57
159302,1
95031,2
95672,2
29280,21
1121,57
15632,2
101320,53
96981,57
102240,57
102242,57
31031,33
109462,33
131472,33
141990,53
143671,57
193571,55
26392,33
89801,53
74292,57
6390,2
78232,57
51170,57
70382,57
30742,13
119621,57
6012,39
21040,57
111962,33
41261,57
18371,2
18372,57
32200,35
147111,57
46220,39
181362,57
101570,57
25450,37
67061,33
160491,33
143162,57
144832,33
57512,33
57510,22
132941,3
83010,33
184371,23
148930,57
28680,38
161292,57
194031,2
34021,57
61400,57
23511,39
33380,30
98402,39
149742,33
27172,46
29372,57
24852,57
4571,4
101250,43
157610,30
161360,2
161362,31
162790,33
132361,41
53531,57
155620,57
141051,33
37102,57
2150,39
41940,33
110810,33
110812,33
28721,33
42040,57
114901,22
54300,57
54301,0
28081,18
23752,53
187882,33
182822,57
26842,18
176821,33
114701,57
55332,1
150980,57
157240,1
13311,2
71012,33
93912,48
110180,57
110182,57
114352,2
114350,7
146121,24
199590,39
3730,21
83152,2
108240,33
130491,53
180410,57
107220,33
9921,57
20550,57
20551,57
8491,57
176541,31
130942,33
86470,57
86471,56
37970,1
170190,57
170180,33
81650,57
4522,57
73562,54
185910,57
198072,2
127940,33
59431,38
162932,3
122081,57
134180,57
49330,44
71321,1
71322,57
152600,26
38341,57
189652,39
136411,53
145591,2
161320,33
1350,57
11720,0
103141,40
133930,57
86910,18
98182,33
31142,3
125770,2
22632,57
66812,33
139652,1
34550,17
147671,57
158701,7
6651,57
99972,33
49550,57
48751,33
170380,57
68291,39
28630,57
109500,17
52670,46
21110,2
139790,38
139791,41
97041,2
199310,11
84791,57
121732,33
118851,3
151080,33
151081,2
62621,2
111791,56
161690,57
1172,17
197440,2
56930,33
190772,33
91632,57
29451,33
104251,8
77342,57
35381,18
81790,2
165260,1
138011,57
64400,57
116381,2
88830,17
96601,57
50661,53
143980,53
143982,2
16711,2
47671,12
157940,3
126660,57
197290,39
93390,57
197902,13
123201,8
136991,2
58250,57
56082,33
144942,56
136052,57
138890,2
134661,57
136700,57
121102,2
58240,57
199021,2
41180,53
34561,43
28870,7
161850,1
59131,57
144881,17
141092,33
82590,33
198062,57
68180,13
23611,49
197232,2
127072,18
127070,53
10842,33
63402,57
85651,57
188211,2
155162,2
21522,2
26220,54
130711,57
72821,54
182082,57
16401,57
27790,43
19621,39
97712,18
130971,57
6460,2
6462,57
104961,21
187501,39
120660,57
22130,57
42912,53
56240,57
73802,28
159440,37
108880,57
184940,57
44190,24
4612,33
14510,39
82192,17
125421,33
115490,17
115492,33
192562,57
171161,1
106790,1
96800,57
43830,57
195581,2
171630,57
171631,33
140471,2
9071,33
3680,33
21532,33
166910,33
166911,57
72581,22
162060,33
129850,39
196090,57
85182,57
17182,3
172161,57
11341,2
154832,55
156500,33
156501,31
34512,33
176832,33
34251,57
106872,57
112631,57
95621,2
176752,57
113810,4
130052,57
14561,57
120010,56
65771,33
65772,33
10,33
172910,8
189430,0
30480,43
30482,33
16650,54
168080,57
37701,33
24600,4
56571,13
107572,33
40931,2
85820,33
198680,57
27702,2
34501,57
198310,21
81370,54
81371,2
49250,57
30130,49
89351,33
52220,33
191602,57
117932,57
38931,43
31290,53
70632,57
170271,43
105382,33
10780,2
96190,33
121052,2
8992,57
41361,39
3760,57
48460,39
25372,57
432,2
430,33
142071,3
133541,2
92032,32
92031,2
150501,53
127440,33
130211,53
21570,2
33452,33
89381,2
64160,12
4271,43
109121,57
172062,57
74842,33
148640,43
80051,57
7202,2
25411,57
168821,13
173862,2
162480,57
67102,12
142062,57
84411,57
57681,1
127712,2
37642,57
175750,57
175751,39
86100,33
151161,2
137962,11
198082,44
37090,48
107491,33
71812,4
61030,31
170360,57
115982,22
7892,2
97011,33
69101,57
106421,57
130071,2
117730,57
183362,57
91410,43
161760,57
161761,57
150811,2
21620,57
21621,57
191531,2
20962,57
26742,33
176560,2
133241,33
133242,2
7090,57
16221,2
182160,17
182161,2
100752,2
117942,57
67762,57
177780,57
123412,33
198272,50
13351,57
32080,11
59150,18
41490,57
77571,57
129410,57
133230,33
139741,33
118031,57
19841,28
148340,28
163220,7
43270,56
82080,38
82081,2
1812,33
170020,33
184252,2
29430,33
29431,46
59011,33
64381,1
193792,57
196732,27
174310,57
14161,57
14162,57
73042,57
157221,33
76191,10
10450,2
118842,33
109882,57
6540,2
74510,57
177401,33
70982,2
86440,33
86441,33
172860,11
142990,33
113691,28
98882,57
2681,57
50360,1
98661,56
162782,33
61182,33
90931,33
114621,15
37772,57
50811,57
83592,2
129892,49
28061,57
2751,2
88161,33
131061,2
153450,47
100451,39
190330,47
115912,33
96111,57
196792,57
45740,57
142640,57
120690,21
15991,57
146391,17
194272,14
42550,2
105450,57
188810,2
188811,11
96261,39
86190,33
15110,2
64311,33
164880,2
164882,57
185252,33
174880,53
145281,2
10870,0
120052,57
77402,3
136670,54
85550,57
197312,33
37042,57
59511,2
164691,50
164692,13
157620,2
28902,38
35530,50
35532,57
168340,2
93242,5
126520,4
152112,57
165201,20
29310,2
30361,56
30362,40
79962,2
165811,33
14920,57
7691,57
127270,57
35990,2
159761,57
144530,57
154970,33
119292,57
7052,57
146512,2
40312,57
142850,57
20480,33
16762,57
145760,33
154610,2
154612,33
114840,33
39722,17
134052,39
16192,57
69680,22
40790,33
40791,1
20190,44
131952,57
187510,52
187511,1
115101,2
27921,57
24181,56
12320,33
43311,57
93040,57
118480,2
55851,54
55852,27
158450,2
112861,35
190972,2
104942,2
35492,33
187061,2
44451,33
181971,57
173402,50
128020,3
92482,33
86652,8
182020,57
13700,2
82850,57
198982,33
119361,57
14281,52
157252,17
105822,39
142182,2
115691,2
115692,21
162980,33
143860,49
69000,56
69002,28
109012,57
26021,57
95910,2
108191,57
58381,57
109531,47
77610,28
159872,33
190981,57
172312,2
73420,57
177690,56
187581,57
1221,53
181200,33
185262,33
91850,40
91851,2
141560,33
132002,3
50520,57
153371,2
39390,22
38261,57
90290,57
90292,2
13090,33
78181,55
128711,33
3541,40
58731,57
58732,3
23631,1
42840,33
176951,33
18640,57
18460,2
146042,2
177121,57
177122,10
149522,33
83161,2
103032,57
92681,53
301,2
180200,57
135251,57
159360,57
72590,11
80490,57
63292,33
179362,33
54871,57
11202,33
73372,57
47981,39
23852,33
17881,39
18421,51
163990,29
68211,8
42490,57
22601,54
147801,39
101422,33
103970,33
71531,57
77370,57
23820,55
60211,33
196901,2
108312,2
5112,18
160881,33
2730,57
2731,33
7341,53
37072,55
74462,39
85491,10
94270,21
128530,57
60950,5
78031,39
36991,2
14631,34
96540,1
31632,1
167461,2
107600,14
187351,2
130821,2
127752,57
115700,57
66050,39
9032,57
50651,57
50652,13
81841,2
20591,57
26991,53
132972,57
162812,2
54591,2
158592,21
136322,6
38220,20
38221,33
43530,39
180801,2
195400,2
198500,57
154130,33
5480,53
41312,33
143040,57
143041,33
3911,13
123380,57
46240,57
55530,17
1610,33
122382,17
28320,2
128662,49
54251,57
195212,2
122820,3
45720,27
88901,57
106810,42
51480,2
70330,57
155390,57
77012,1
54830,6
33130,53
61220,41
83572,22
10622,33
162210,31
162212,57
118272,33
111810,27
7110,57
193700,57
54440,39
171831,57
64362,13
115460,2
113431,39
102911,57
181662,57
57500,1
199780,57
183712,57
76470,33
154121,2
154122,50
108071,2
76942,35
87261,57
130781,38
4082,2
150682,2
5520,57
46720,3
45712,47
137631,57
1400,57
136532,2
123851,57
35192,33
142142,57
31861,11
133911,2
26970,28
72770,2
175171,53
192872,30
61040,57
61041,57
32860,33
20441,39
58690,57
58692,57
89342,57
40052,44
180382,33
122981,33
78102,57
120140,42
71330,57
63861,57
97150,2
55322,24
195810,57
158691,56
91211,53
149771,33
109110,33
36652,57
191361,57
144461,57
132652,33
88381,57
103341,33
117261,53
7682,57
22450,0
22452,49
8920,2
192101,33
140751,57
93322,3
2561,2
137871,57
4210,3
111822,2
93122,33
4050,39
106840,2
106842,13
95050,57
95051,11
95052,56
102481,57
71491,18
47812,2
78721,57
101291,39
148160,44
171890,53
171892,9
45881,57
55282,57
121760,33
1922,33
86181,33
80410,53
31490,57
16521,54
173780,2
173782,57
38232,27
62752,2
62750,2
22972,2
81730,33
71152,57
71151,2
41431,57
154710,57
35101,52
105192,57
98951,18
128180,2
191060,30
172501,57
31361,57
178681,46
108140,39
52880,57
35900,15
136942,2
96182,2
106830,2
198051,57
143262,57
28541,2
66481,20
177340,33
141521,2
177141,57
25440,57
138342,57
196641,2
57302,1
66031,57
98110,33
131992,57
185950,57
164961,57
73550,56
131052,2
163090,57
131281,8
42232,2
62502,12
112651,33
155642,33
32942,57
172091,31
172092,33
115621,33
98360,26
13770,33
57920,57
73472,2
153232,53
153230,9
150281,33
61570,3
61571,3
191491,22
125060,17
176511,20
53521,39
190400,33
190401,18
52512,57
134480,57
50542,57
78322,57
158991,2
76642,2
190910,2
153950,2
151002,33
191210,2
158571,54
33042,33
49112,41
21682,57
169020,2
180980,38
80782,19
168642,33
9870,57
182381,13
85832,49
50941,33
92771,57
68171,39
179662,27
83002,55
34111,57
146330,57
56400,57
19502,21
41500,57
57391,39
146141,1
130030,33
14290,57
14291,31
21432,33
21431,57
68412,57
118651,6
28600,57
158821,17
108171,57
135872,39
151172,39
71562,13
95930,33
179161,33
149792,57
45681,57
2171,33
1440,57
35390,28
115142,57
35891,57
68161,57
145961,57
127920,30
147080,57
151410,57
35080,57
78440,57
78441,33
189852,57
33951,33
199010,26
173342,33
166881,56
143842,2
44640,33
67581,46
166131,46
151681,57
160990,2
153000,18
136380,40
131860,57
130732,56
115291,1
134272,33
130881,2
166150,52
177462,39
31190,33
99000,24
193381,33
152781,39
46552,2
10071,15
61761,43
37521,2
152030,2
105832,2
105831,57
179330,26
72130,13
199172,57
158632,21
160010,57
112752,33
87721,2
116042,2
67091,57
124261,22
82480,56
82481,57
82482,2
6162,2
25800,55
25802,57
64260,5
127910,21
2852,2
161812,2
171331,30
175160,39
133511,2
98730,57
158600,57
16890,22
158352,33
119462,57
98531,2
187111,33
104911,13
130672,57
57412,57
138431,33
90212,57
34170,57
90601,15
176112,38
176111,2
49881,33
102730,4
149701,57
87300,57
5252,33
87470,30
86761,39
86762,57
47492,2
17351,3
34831,57
47251,30
108650,57
80860,18
147681,37
13621,2
144902,46
169690,57
26402,33
89462,28
19200,2
186572,18
4301,2
4302,39
134130,15
87980,56
24341,33
24342,2
12260,2
116991,2
7220,8
169561,48
76382,33
57371,53
7032,21
179312,57
43192,39
43990,3
161921,50
660,57
662,33
140560,33
188880,57
8282,57
78371,57
162530,57
94481,0
196031,3
151960,22
161400,57
197582,33
191622,57
112010,24
149390,1
91390,56
23880,57
10500,22
89512,2
89511,33
141921,2
70921,57
12931,57
173472,33
198801,54
191821,13
168921,15
118720,57
71762,18
168050,1
161721,33
196311,21
140351,57
61252,57
198910,57
144652,48
19422,56
148050,57
27041,33
191171,57
55781,33
53171,33
156141,21
141390,2
100960,56
114890,19
74240,3
74242,3
196512,13
79341,13
143792,2
85191,33
165931,1
67651,57
115851,57
189030,33
80961,57
119732,2
67912,33
24492,57
94831,57
190570,33
87710,39
90780,57
61162,33
124182,2
52011,18
158041,33
150591,57
127810,27
127811,57
109752,2
141620,57
173852,39
36552,41
36550,57
171140,33
131821,2
6481,1
24150,39
24151,33
13912,57
136440,57
8122,57
48551,38
75782,2
195982,2
17841,15
43660,21
43661,2
56050,21
193030,14
78220,57
77451,3
79922,57
159900,34
131680,9
6790,57
56261,2
149012,6
179050,57
165102,3
54842,57
104612,44
88922,2
40662,57
9982,39
51662,57
191340,57
47002,13
6820,57
174280,2
174281,33
174282,57
75211,57
75212,57
71201,33
76670,33
76671,54
101381,33
98101,1
174080,2
133972,33
161552,41
181711,1
108262,33
87422,57
111272,57
75190,28
157950,38
72680,57
72681,28
71460,33
28590,57
105652,33
1500,57
167152,33
65371,33
122292,57
45891,17
165461,33
16571,57
31732,57
114420,33
167291,57
58340,2
138971,33
189000,45
152580,33
78000,33
2211,1
162671,57
44280,51
45570,2
115661,57
162830,33
162831,57
86131,57
181120,2
167530,30
46761,33
173642,2
10801,33
99930,57
33850,57
115061,33
41482,57
178750,33
4562,57
93972,11
134061,57
56681,57
188690,57
190612,33
33080,39
51601,57
157552,57
67620,33
58821,2
66271,57
117162,31
169230,33
40011,22
113992,18
80671,56
151100,3
54681,29
60400,47
5181,43
10611,49
48261,2
197611,57
50720,31
66791,2
39441,48
193830,54
95090,57
95092,57
118682,44
149611,57
120091,33
87550,18
121792,2
124862,49
2082,2
171222,57
68262,2
123390,43
6081,39
37731,57
98451,33
137502,57
51900,34
51901,2
113120,20
113121,33
127432,21
126281,2
5221,57
158362,57
131072,21
149921,57
96271,57
106622,43
92702,2
73402,57
159321,37
171530,2
121640,57
121641,57
16431,21
180831,49
91801,57
161310,57
161311,30
39981,57
198231,4
33342,57
89100,57
123402,34
31750,39
193100,2
197952,24
106580,33
106582,57
72490,33
25232,37
64702,2
176500,2
185701,1
140612,2
127631,57
56461,2
102371,57
169460,43
52610,57
116372,53
55921,57
85231,53
18981,12
1760,2
192772,1
168312,39
181751,33
142702,2
161102,39
168520,57
94792,57
25010,10
158800,57
158802,2
22381,33
47481,57
30991,57
163492,56
31371,33
18400,57
3862,2
49390,2
49391,1
121261,33
35261,33
181371,57
9721,13
74921,33
172520,57
27340,57
48242,40
12012,33
46652,2
108521,33
144480,57
91772,21
41422,17
59872,57
181810,15
59291,37
51390,57
164190,2
195090,40
195091,33
39052,2
166682,30
131340,53
27352,57
108811,33
66622,39
8581,33
34060,57
87612,18
170970,38
170972,33
94512,57
173261,57
173262,39
96961,57
78770,20
137250,43
58930,57
59842,33
92121,54
181541,2
39312,15
39310,39
42611,2
24642,57
4540,43
85461,2
64862,57
58290,57
181270,37
19122,46
111022,40
41851,33
153800,23
83102,57
47322,33
170872,4
28460,57
15341,2
40591,28
40802,57
119040,2
35660,44
35661,2
79942,22
6911,57
64041,26
125152,33
45431,33
115560,33
132160,33
191972,33
81682,57
176132,57
86732,2
59411,39
20930,33
112721,57
147930,15
169440,17
60120,57
50092,22
164502,57
126570,52
123271,33
80121,13
13752,18
13750,57
113242,33
154810,57
95702,1
140432,57
130542,33
39500,2
196462,57
138260,2
143202,33
160701,57
88221,57
88222,20
8432,57
166470,2
19531,57
48430,2
165550,11
149562,10
130392,53
110672,2
182770,57
181021,57
168012,39
24141,57
166250,29
181990,28
134072,2
68220,39
128012,35
126091,33
92982,2
73732,33
81560,57
81562,53
25831,50
81970,53
91681,36
93670,2
6770,33
156641,33
180180,57
193672,43
102140,57
44062,53
88951,57
190501,39
190502,22
63801,2
87510,17
87511,2
105661,39
66230,18
17101,57
174001,2
148760,57
148762,57
143400,57
183062,2
109520,57
109340,2
194650,57
160480,2
90272,2
86081,43
77942,40
194350,33
96750,2
110342,57
103492,57
121271,40
61481,57
73850,57
76882,57
159411,33
25492,46
106250,43
151391,57
73181,23
108320,33
135042,33
104720,57
87162,57
71341,57
28110,39
115542,33
113372,33
73982,2
148420,57
149841,3
73920,34
170601,57
33622,2
161530,39
20642,2
117380,57
71431,22
72240,33
111750,37
66241,2
194932,57
41801,2
7322,57
52411,57
52412,33
166521,57
166522,33
103861,57
78360,17
91601,57
100170,33
162290,57
120562,57
56552,2
117080,2
117082,33
192070,2
149350,20
183541,2
195102,20
124752,45
14011,13
26351,53
141070,14
2292,8
78942,2
45940,33
190450,28
49672,57
104330,57
116201,53
18311,56
199100,27
8802,33
125522,57
117531,57
39190,33
39191,33
8822,33
161131,2
183230,10
96781,39
60590,50
98201,39
152320,1
80102,57
92941,33
40,43
42,33
9192,39
56321,57
156182,57
4881,2
177182,3
132432,39
112312,10
148062,6
164601,54
6432,17
176381,57
49522,3
110111,22
55741,57
19241,4
35911,57
8312,2
150580,2
150582,33
193201,13
86310,2
196142,57
901,12
902,57
4170,3
33590,57
86991,2
169721,57
163592,2
23141,37
39220,21
37331,57
144592,39
177512,3
180561,48
87802,31
158611,33
56070,47
100722,57
87682,57
64030,36
179600,3
155291,56
181282,57
120001,57
77142,33
96142,13
143951,33
54812,53
181630,17
181631,33
107110,57
149502,53
199902,33
96871,33
98641,57
152640,54
152641,2
141600,3
42292,33
164092,33
143021,18
100310,57
143732,33
98591,33
150512,53
174991,53
193501,33
27400,57
112251,34
119472,12
119470,2
25002,0
147332,11
114760,57
115880,2
149822,57
82061,20
112960,39
112961,48
56120,12
24822,49
171421,33
141451,57
44970,2
86561,57
173741,39
173742,57
29271,57
10990,33
82231,2
53271,17
128602,57
52811,57
53292,57
16580,57
98352,57
22810,57
47882,2
139631,57
180130,57
67852,33
136872,33
185331,0
121222,57
95200,57
125212,18
68640,33
29622,57
64182,57
76712,57
178182,33
16321,2
84041,2
190022,2
161161,20
19722,39
34151,43
180952,57
176632,2
176631,40
106350,33
113821,9
104852,57
114132,57
158111,2
140321,33
161882,20
152250,22
152251,56
111161,40
11971,57
187940,2
48830,57
36170,57
82751,57
28661,57
152660,2
97972,57
173950,33
31200,33
133990,3
39111,57
179421,5
54782,2
33940,33
33942,33
143532,41
36321,35
24870,1
155102,53
5900,33
74592,57
85590,3
23862,53
34481,2
54851,33
103321,57
103322,2
31150,55
88362,57
144752,33
76441,57
115891,50
62561,40
62032,57
96321,33
68550,57
10932,57
10260,2
10261,33
28792,57
88641,49
155041,57
105092,55
161372,33
381,53
12601,57
60850,57
129790,57
48962,33
132222,39
164312,57
164310,2
59092,33
189311,57
21471,57
90892,57
178810,57
178811,33
96280,46
23302,57
65651,33
47381,2
27292,33
36781,33
36782,50
196222,57
138090,22
150821,6
139461,57
120112,11
42152,33
125831,44
41391,57
188341,56
111071,33
54060,57
150432,57
97222,57
184031,57
125581,39
103801,1
10171,57
105132,57
178640,33
55861,2
79722,57
60260,20
60262,2
167452,57
27080,2
144060,57
109471,2
126062,28
36831,57
115480,2
23950,13
50781,57
90661,33
184622,2
39680,33
170392,17
9222,2
20271,33
53160,57
34942,2
55510,53
106612,2
174681,57
196991,2
88561,2
37002,2
138881,3
86502,2
71672,2
156302,33
152940,2
158901,33
126100,57
112921,2
151772,29
63982,52
93851,11
8272,33
12531,13
58502,2
130642,14
177220,50
68101,53
71980,22
137522,2
175551,57
25472,2
25470,22
190870,2
112000,57
112001,2
82420,53
47850,2
87701,57
91831,45
53351,17
14422,57
104280,39
122101,57
196610,3
137372,3
18731,28
97562,33
111630,21
150330,57
138771,57
138772,57
15931,39
141632,55
141630,2
45222,29
23112,2
23111,57
98340,31
11450,39
93551,57
14111,54
191632,33
148951,21
111891,2
105461,53
197921,57
121962,2
118012,39
177831,13
168222,56
62021,33
148272,33
131981,18
89890,57
139562,3
62491,17
141752,43
169141,1
23281,33
89932,18
106592,2
176972,2
106340,57
52151,57
28702,57
22730,2
178831,57
141202,49
18430,43
18431,5
153861,57
197992,2
197990,57
147290,33
185072,40
46140,33
61630,56
163182,38
39011,2
106081,57
50930,11
158430,2
70621,57
191761,2
22241,52
138860,40
49770,1
49772,57
73911,57
93561,57
39690,57
89272,2
89271,45
123641,33
44772,17
125310,33
51160,2
91702,18
179401,53
94051,2
116362,57
75892,39
19852,53
59850,33
87112,57
185891,57
150151,37
135761,47
135762,33
96221,57
191391,39
136260,2
90922,52
14941,40
99530,2
143912,33
76281,2
145861,57
117270,33
5731,56
35632,56
45161,26
41782,33
26591,57
89011,57
143751,57
111670,57
38591,36
131210,33
93680,57
29921,56
133131,18
2440,18
18660,33
132722,57
84611,0
106670,23
106671,53
110850,33
82051,2
127041,2
183402,57
183282,33
159000,56
126702,2
47961,38
47962,2
125592,33
126860,14
79800,3
169992,2
43962,30
24922,2
94750,53
179300,33
179301,33
151372,2
98872,3
13432,28
36400,18
195000,26
162992,33
54021,33
183212,11
92460,57
92461,22
44961,47
91160,33
184350,33
55002,57
188432,24
172212,33
91090,55
132251,2
132252,39
36970,57
36972,0
55391,2
190392,57
59680,33
187831,57
30380,57
185432,1
115952,53
991,32
115160,28
43931,53
99362,2
8961,2
10950,30
91040,57
39231,57
117580,57
14102,33
212,33
149100,57
149102,53
8790,57
11310,57
20982,57
18382,2
195040,56
18852,57
18190,17
132531,39
196701,33
191872,10
65722,33
148940,53
118552,57
181860,57
75081,57
114561,1
144102,33
175372,43
118101,2
122462,3
68050,57
45110,33
195962,33
190792,39
700,2
34162,2
162721,2
75531,57
159570,34
150142,33
1652,2
104950,53
19102,57
97411,44
182351,56
25872,30
22202,21
158932,56
18882,1
9650,15
125911,2
165330,57
146241,53
69081,39
69082,33
172371,39
181911,2
155120,6
119771,2
119772,18
15562,57
165041,39
93581,2
169941,3
168072,33
168020,2
161771,57
80452,40
27722,50
14621,33
118421,2
164462,57
152502,57
38391,33
72602,57
91002,39
176782,33
181031,35
49711,33
175131,2
92721,53
150171,19
72032,42
57562,33
193530,33
82662,33
153091,57
63430,57
75150,57
122541,57
4691,57
182841,2
182622,2
116321,28
79730,33
78050,57
81282,33
83551,57
40181,57
176932,53
7922,57
6800,55
127722,41
51961,57
35760,46
7630,7
143830,50
166302,33
80181,33
81980,33
81982,33
176310,35
29950,2
111622,22
81751,57
22510,18
110470,2
143651,9
106971,57
161151,41
43300,2
15740,57
15741,57
102561,47
130121,57
122630,56
20230,57
53590,11
170790,28
128081,57
195660,33
28092,2
175970,2
175971,10
175972,33
16541,57
81211,2
163012,57
99882,33
167432,53
8600,2
150991,57
121890,33
121891,33
181002,2
31771,17
70872,39
173512,2
189320,57
55301,57
34971,33
161250,33
186551,33
21002,40
20461,57
113442,57
94842,57
131672,33
3442,1
61770,57
171352,22
116660,57
127900,56
107640,2
125232,57
148570,33
127030,57
131390,14
195051,2
195052,53
104022,57
195221,53
145460,57
99160,2
7991,3
86970,2
76391,28
57401,54
183292,53
93481,2
166840,57
187442,57
52751,57
114392,1
141280,43
141282,10
100061,57
186690,57
183701,44
4120,57
34240,33
34241,19
59191,48
126472,2
126471,33
130461,57
168260,56
43021,39
43022,55
104882,33
152992,57
25051,33
25052,33
48890,18
169410,33
161891,2
165070,57
7231,33
199072,57
199071,57
41681,2
47242,2
26902,33
70992,57
167491,33
167492,33
66712,57
77000,42
157260,57
157261,57
79061,57
197840,2
199841,2
199842,3
197592,57
43140,33
59640,3
172980,33
34872,30
3430,53
86680,57
58722,39
126940,1
170821,2
121060,57
187930,57
146870,57
124542,33
119100,2
291,50
169662,57
44132,57
12411,57
135992,53
36501,1
87540,2
174111,2
104622,2
68431,57
87891,55
118361,33
99050,57
103522,50
20301,2
101062,33
195502,3
66932,57
166782,57
108841,57
81490,39
13541,28
75321,14
75322,57
133071,33
190730,57
65140,9
125762,17
175062,33
3780,57
3782,33
67361,33
13412,2
7701,47
124912,57
57732,12
193442,33
182872,56
35000,55
73172,57
198881,57
84252,57
36481,57
3791,18
91762,2
125612,33
18971,57
51011,11
23151,57
1201,57
82091,2
195381,54
7840,2
146171,56
64550,38
161461,33
59881,2
82842,57
25860,57
193341,2
48970,43
89522,2
180402,33
37622,2
100821,33
20,14
147301,33
171281,44
144631,17
54272,53
12162,57
164632,29
15810,30
136710,57
117410,39
48151,53
154622,57
125251,57
125252,30
131021,57
40671,39
129292,2
93151,7
48021,39
106961,22
138752,57
98602,33
122112,57
122110,2
141911,17
134600,57
198101,2
33400,34
51352,57
120770,21
120771,57
18492,33
131320,39
62072,57
146962,33
46950,57
108052,57
151262,33
142532,33
17682,33
129752,33
46930,2
131622,33
145610,57
180330,2
116562,57
5352,43
151801,55
46922,57
62302,33
75310,57
175802,33
195390,33
112512,53
51382,33
60960,33
116980,57
194921,50
23601,57
134341,57
19601,57
139470,57
170231,57
125661,57
99610,28
16080,19
126820,18
32811,57
75432,57
12620,57
118140,3
9392,33
16681,2
104142,53
195422,2
64650,33
139822,18
106571,2
128911,57
75650,33
166161,43
37412,57
101962,39
84470,53
64491,57
77201,39
195510,57
119901,57
146182,1
24262,57
180972,3
134291,57
74770,57
41341,57
193320,31
38640,54
184281,53
144162,33
162730,33
28912,33
123311,53
71892,0
3140,57
169501,57
194241,57
194751,33
73872,57
73870,33
108912,57
116412,33
197062,33
61361,57
81950,2
153042,57
124991,2
19412,57
62082,57
70892,2
194051,3
105480,42
6440,2
6442,57
43412,2
157882,33
181601,57
26730,57
1112,3
45291,39
70340,2
32230,2
63422,57
70061,57
5092,51
51472,17
22271,17
151472,33
31472,57
18620,2
103660,38
113071,39
3710,1
47060,53
102712,1
132440,3
33092,57
63361,33
148452,57
191921,57
79070,10
43861,43
117122,2
139852,33
15952,9
91102,27
3502,3
60980,2
90830,4
25990,35
122521,2
25170,33
146112,53
65631,29
29601,12
95310,39
77161,33
193761,57
8731,57
129520,2
116830,33
120022,57
29392,2
3931,57
48502,21
40841,2
194980,18
194981,39
13522,39
4851,2
85110,26
141762,30
154911,57
161601,33
31872,15
26541,2
108371,2
112801,29
1672,50
40292,57
178601,0
36792,53
129861,33
2240,57
2241,57
186112,4
50011,1
36770,3
190030,22
43651,57
75252,57
186031,57
117241,57
157141,39
164150,2
78262,56
75011,2
100080,33
160922,27
133161,39
176291,57
176292,57
15582,33
106221,2
138381,57
163130,57
163132,33
91140,2
91141,57
179552,57
121921,57
101482,2
147651,2
4041,8
22762,2
195592,57
67151,39
189340,56
169920,2
169921,57
107391,33
78641,57
67082,57
142610,33
142611,39
83721,57
168090,56
168092,2
213580,14
213221,57
252480,57
252481,57
268171,57
284922,33
294032,57
215470,33
254592,57
220561,19
233011,33
229370,22
220600,2
233590,17
275331,2
212412,33
293821,33
201200,33
210722,28
266670,53
256860,17
276441,43
228042,45
230912,57
263911,33
213030,2
232050,30
232051,2
244020,18
207360,2
232920,2
232922,57
251821,57
237852,33
264001,53
200451,39
280331,2
289720,57
215711,33
268282,2
264072,2
207510,43
207511,33
200891,54
222290,2
276091,2
280400,0
217422,57
250710,53
265252,57
294472,57
279342,57
255411,17
267331,3
222912,57
290481,13
292292,33
205342,1
202911,41
244040,41
259021,57
219841,33
219842,2
288242,57
243822,1
272510,2
285680,57
270432,3
232381,57
266660,33
228082,33
236010,2
296451,57
237291,1
299270,1
233721,1
214200,57
260352,33
256880,33
202321,18
235762,57
299330,57
230732,33
294612,55
221180,57
221181,57
218052,57
272082,48
298731,15
244920,33
275772,2
296360,56
212212,33
294561,57
201010,57
210241,57
284671,2
296000,57
252892,57
244462,56
262350,57
279460,57
238651,44
210272,2
264432,17
264431,2
260252,33
298821,53
215422,57
276162,57
210832,1
210831,57
212581,1
254891,2
282371,57
201210,2
271311,2
252980,57
294922,33
245411,33
233681,57
270832,2
270830,53
207092,57
284200,2
237440,52
291872,2
289122,49
286260,2
226311,57
277750,57
227530,2
293600,8
234711,53
299010,57
228032,13
271580,31
203021,2
209231,20
258232,39
224120,2
224121,33
206352,2
231682,17
290300,57
230761,35
209761,33
234162,53
219561,57
273531,43
265771,18
287852,0
223042,2
257492,57
213882,2
256331,57
290662,39
209822,33
279711,2
249960,33
249962,17
223220,39
284741,57
230742,57
249372,57
292110,39
251160,55
213811,33
216060,57
281671,33
254580,56
227211,57
259841,41
290610,32
244120,33
280571,2
242381,2
266980,33
260561,57
242090,13
226362,14
290001,3
258291,57
294090,56
295870,3
222221,57
291760,33
239890,57
239891,57
253101,57
243641,57
287500,57
263292,39
203710,33
228050,39
203002,2
229112,57
200931,2
281991,57
212960,4
241351,2
272451,37
213332,57
205162,22
288800,2
253620,57
269112,57
269111,13
213652,57
251291,39
280960,33
261432,57
244002,57
218442,57
257872,33
248012,31
245821,2
254191,57
237752,39
272122,57
208292,2
231942,57
291851,39
280321,57
259292,48
282590,57
297070,57
223160,15
205172,2
222520,33
222521,57
205791,2
247540,2
248460,57
222821,33
222822,33
279792,9
232420,57
232421,57
216241,57
224191,33
205422,57
245611,18
231712,57
211251,33
282552,33
221642,33
266680,33
240300,34
286891,2
286892,22
271180,57
213462,39
291460,21
291461,56
291462,2
208960,57
286681,2
274562,18
285121,57
293311,2
212612,33
243371,1
283730,43
283732,37
216972,57
208791,57
261561,15
271370,57
210592,57
296160,57
296162,57
251941,33
225791,22
262022,33
206500,11
218372,22
253760,3
238180,2
211160,23
223812,56
279250,2
233901,19
275071,6
227750,2
203672,57
291400,46
291250,56
280202,57
279262,54
290560,57
290561,30
263530,29
259631,33
269862,13
218142,57
231991,33
262832,2
262380,33
227770,56
227771,57
202700,13
293960,54
207722,57
241101,57
237232,57
275920,57
293970,57
293971,33
282301,33
273951,2
220081,55
211092,57
289500,57
204542,39
214230,57
274870,57
240490,33
218491,2
251382,57
257980,2
254922,33
218890,2
247892,57
297572,57
206312,57
217062,2
268601,33
223150,2
278321,17
252840,57
207571,33
201390,2
240360,57
231802,57
273430,57
282091,1
256661,33
290622,57
203401,33
215230,10
231512,46
284862,33
277101,44
276051,57
276052,22
217262,33
214410,17
249420,57
279872,57
221491,57
221492,1
245500,1
206792,33
258221,57
289201,17
257132,57
233612,57
296092,13
294202,57
218192,39
278761,2
297351,33
276960,57
211301,17
213432,2
213430,57
287762,3
263612,57
222661,2
250731,33
238560,2
256602,33
207160,57
207162,57
284792,57
206321,2
228840,55
283490,57
236042,53
288571,33
259982,33
247620,33
247622,2
224621,57
214670,57
266190,4
211132,21
297342,57
207010,57
247681,57
287531,17
285001,2
297480,57
217091,57
214381,57
214382,33
299582,57
204350,39
208130,39
249690,40
265590,2
251502,2
222880,57
289242,33
299642,57
268191,57
243561,57
297871,18
205150,57
248852,1
211112,26
238071,33
214042,52
266382,2
233481,3
233482,2
215382,57
216951,21
295321,2
232950,11
212302,2
231352,21
221092,2
204910,43
294932,57
232391,39
276471,39
292942,43
257522,2
224492,33
251200,57
239930,33
227920,33
240221,57
289030,33
292400,57
280840,2
256521,2
260181,54
238832,50
238831,57
226092,57
275302,33
287401,39
201291,37
220032,33
230012,57
236981,57
288292,57
231402,13
213510,33
209372,57
219660,32
295161,57
233182,2
262741,57
297951,2
200490,57
271091,57
244152,2
234152,43
201372,37
284981,57
226440,17
228442,57
219590,33
227411,2
295981,2
201321,18
223920,57
270471,33
275100,57
257351,17
239970,57
239972,57
212830,57
240212,57
227472,53
286580,23
231132,54
236191,57
251930,22
251931,21
202552,57
202852,1
280090,2
272742,49
296130,50
222670,33
214502,57
283442,56
207931,57
253240,53
270371,30
200592,57
247571,0
201092,53
267312,33
247171,33
259432,57
270002,57
266891,43
210151,39
215200,18
271932,33
285431,56
288402,57
275020,57
260142,17
292840,31
292842,57
260640,55
260641,57
244780,57
289742,2
274851,2
274852,22
216422,2
247342,33
200372,39
276830,33
237302,57
283060,57
283062,57
216012,57
237682,57
214622,18
288952,57
249280,33
251152,29
273601,57
232341,33
206441,41
206442,57
217761,24
266241,2
274911,57
249501,39
226642,33
210691,57
262260,57
232542,2
224402,14
285650,57
264022,33
243360,33
257382,57
299590,21
299591,38
282920,2
282921,56
282922,47
202560,3
253332,21
283280,2
283281,57
276170,2
296411,2
247910,57
275520,50
258801,33
258802,57
231692,18
243930,29
298172,33
216112,33
216111,57
273201,33
297911,33
270492,2
216100,43
216102,2
214892,28
272602,18
255400,57
220040,2
220042,57
209551,33
248920,52
257190,2
243070,57
280302,2
225430,56
221652,57
231632,2
249552,57
207620,2
258950,55
282222,34
290942,28
217911,33
253960,56
259861,33
291072,53
266762,1
202840,15
256012,19
258812,33
258861,53
299671,31
285730,2
285732,57
218170,57
207440,7
299472,2
254770,42
254772,53
239320,30
271881,2
297291,57
242251,33
284090,57
251360,33
287941,39
231170,2
231172,57
209602,57
289760,17
260230,3
209342,57
299562,35
221682,53
253080,57
227482,56
265031,57
282141,57
271642,2
269262,4
294002,2
276351,57
224532,2
275731,3
279361,57
226340,20
226342,4
208372,57
240142,50
233981,13
233982,33
236182,2
214181,57
222330,57
294951,57
216382,57
242850,3
211381,33
254632,41
212241,55
257860,2
269451,33
274980,2
201260,14
286621,57
270071,30
214770,57
248570,57
247641,39
250912,57
250910,56
262112,57
215221,33
206270,21
294321,33
293011,53
284850,13
226061,57
235181,33
271401,57
279231,57
258540,57
283831,53
212850,57
261872,57
230921,57
238312,8
267591,2
235880,3
248411,39
248412,29
263180,50
270180,2
283192,33
222411,2
262882,57
214720,1
211460,57
213572,39
260490,43
260491,33
284891,50
279972,57
244080,44
240132,57
275792,18
252772,33
288521,33
294870,57
230592,37
264391,57
254342,2
248750,57
230322,57
291272,2
291271,53
295410,38
249120,26
232211,57
208832,28
208831,57
299912,2
215832,2
268200,57
221051,1
241210,57
243381,2
243382,2
242652,43
246152,33
280751,57
251010,10
276561,2
255552,53
230450,33
233751,33
296381,2
247761,38
267520,57
297161,33
255261,57
267251,57
213140,57
256700,57
283000,57
283001,3
268820,33
291962,13
266470,57
280852,33
223952,57
257251,57
298050,57
258931,5
205922,57
245891,18
211932,33
293630,57
296491,40
260261,57
237371,4
249350,33
278871,33
276380,33
230830,2
230831,57
288011,17
254842,33
279431,45
266402,2
299681,57
257032,52
257030,57
257031,52
263211,12
263212,57
299840,2
257802,2
220592,57
217361,4
217362,53
272850,33
235670,57
256741,2
215212,2
270711,33
295112,19
208452,57
299870,21
283041,27
263050,33
248370,51
229762,53
261182,56
251972,21
200960,33
254660,57
291490,57
254071,53
228310,34
234100,33
236971,57
249832,16
281801,2
217031,38
236840,46
236842,56
210731,33
274110,13
248172,33
247140,57
233851,2
258551,57
211122,57
202741,33
280941,2
241832,21
253350,57
247651,3
225362,39
272022,2
294072,2
259832,53
259830,22
259831,54
220151,2
219950,2
275701,27
258320,39
260931,57
274280,57
237272,33
279860,39
284542,33
224810,50
222070,57
286691,34
232691,33
222762,33
245132,57
276211,57
245100,56
270691,22
291471,24
229702,57
247301,33
282672,2
232810,30
267202,57
250131,2
230611,54
238330,57
278892,57
245322,33
248992,56
224410,57
224411,57
281710,57
204571,28
278051,57
224851,33
275230,33
275231,31
272252,53
216870,57
227222,57
234941,13
285952,2
235772,19
283872,43
283570,48
283571,33
232990,57
242711,25
232161,57
283261,33
220730,18
281852,57
235160,6
262012,30
299192,2
287582,33
241880,56
228580,57
248090,33
225400,27
207800,17
245210,19
259821,33
246471,57
290322,57
200151,57
209531,57
209532,33
226902,2
202952,57
254642,57
225211,5
254010,54
254012,17
290982,21
203140,2
289162,2
236691,44
220810,57
277260,50
230060,57
200861,33
226230,2
222170,31
268042,1
282690,1
202511,2
276330,55
276331,22
288491,0
290491,57
276460,33
246051,2
294390,29
294391,33
238211,57
272302,57
234600,44
287421,57
200220,33
222890,20
242401,2
219090,33
201711,33
221660,34
240801,57
206301,2
282352,27
200750,46
254962,57
272141,33
272142,28
226680,57
223732,33
263751,57
240011,2
210862,57
227170,22
227171,2
267822,5
293880,2
266991,44
279242,33
287260,22
299221,57
225770,21
292340,57
248220,5
236530,44
245261,33
291550,2
204611,33
281830,57
281831,57
206921,33
252620,33
299731,47
206640,57
224100,53
274070,15
260700,11
260701,57
214631,2
223602,53
255830,57
216600,57
216601,18
206932,57
209480,57
261342,39
242490,2
258592,57
258591,30
278791,49
265082,2
210041,33
218700,2
218702,2
283591,33
220251,2
256722,2
279891,57
277201,45
290391,29
294660,8
264720,2
236142,57
226110,22
287310,57
295300,51
262152,14
247870,28
216622,33
262430,2
262431,57
214010,33
244051,56
253971,57
265132,33
231671,2
285570,2
234861,33
220070,33
246121,33
299762,33
230350,33
251110,57
285812,57
216121,28
207060,46
236952,33
225311,33
232611,33
283920,57
283922,57
247310,2
258782,57
294040,57
281420,2
204972,39
263122,2
296592,31
234512,57
255162,22
211442,33
208352,57
206151,39
240512,57
216020,21
268130,57
221670,2
212501,57
254810,57
272470,33
272471,33
224981,12
252690,56
243292,57
213360,29
288730,33
247690,39
215302,49
292872,33
203011,4
209032,2
209031,33
203852,2
235552,57
264301,44
270231,43
283011,33
226102,33
220140,9
275011,17
264821,33
218751,57
265920,33
201612,33
246210,57
265350,57
279481,28
261091,7
229081,33
278670,57
245970,57
245971,13
200641,57
273592,43
273590,18
283742,57
246880,1
288161,15
286641,1
250672,45
259492,33
272550,44
245300,15
256321,56
286341,57
244031,2
224222,57
276692,54
234362,39
297590,54
213900,43
221560,57
273972,1
257181,57
297761,47
279851,41
279852,33
243320,2
235442,57
242772,33
266780,33
266781,2
215250,57
285490,41
298352,49
214352,2
288471,1
252502,10
261930,22
277021,33
241021,44
213292,53
292740,39
292742,33
226951,17
268951,56
249082,22
245400,28
294361,57
203451,21
217221,57
297410,3
231492,33
207560,54
279421,56
225640,4
286982,33
299700,57
211771,22
280442,33
232961,2
211081,57
222442,2
287461,11
270770,33
291980,53
213201,2
267062,17
212152,2
260432,22
273010,57
233331,2
231141,3
281051,30
254091,2
269792,33
231620,28
234230,23
215932,57
282032,33
276740,57
223710,28
283412,2
278772,2
240270,33
264310,33
238432,33
251961,33
251962,37
217820,20
259300,2
270660,2
229460,4
210712,39
209560,56
219402,57
293661,57
278741,29
284520,54
278590,33
221832,57
221830,26
271531,57
213972,2
246090,48
221841,57
217841,8
272430,57
247732,56
260712,11
260710,2
260711,43
222090,57
252602,45
230702,2
289971,57
202382,55
225231,2
268240,33
253511,8
278081,0
294841,57
236831,2
254441,2
246660,39
295142,39
263402,39
272541,57
270311,57
219110,18
282001,57
213710,57
248420,1
256851,57
284362,17
247241,38
221172,57
284480,57
287372,33
241742,57
221292,2
267770,26
268712,11
268710,2
221721,57
213002,57
253832,2
234932,31
299530,57
252940,57
235581,2
235582,57
231891,33
281312,57
281311,33
256610,57
295431,57
204590,22
286860,2
294671,25
217372,2
269430,39
269431,33
270932,39
246292,5
279450,57
265411,2
225011,46
274002,33
200092,33
299520,20
202220,57
237180,57
200742,47
272802,3
264942,57
244670,57
238851,33
260841,57
297990,57
208650,53
266072,57
263860,57
212382,33
285930,57
279402,33
247992,57
206192,2
206190,56
228472,57
257581,57
205960,10
270351,57
219620,39
279952,56
281360,2
261042,57
208300,57
208301,2
291881,41
282791,22
259461,57
259462,57
213090,56
223050,33
250170,39
216572,2
223271,57
268250,57
217412,57
225411,2
225412,57
273630,57
287021,33
224682,2
213621,57
292090,56
292091,39
248281,26
216170,18
271192,53
271191,57
286090,57
286091,21
224771,37
262210,22
259271,33
263831,36
207241,33
277470,33
213832,3
251882,48
273702,2
258790,2
261922,38
256350,19
269961,56
214730,36
201282,10
229811,21
224342,57
202541,57
228132,17
280700,2
207611,2
257100,57
253592,33
253591,2
297550,57
243172,57
272281,35
244312,39
231480,57
202451,30
255132,2
272312,33
234731,33
234732,57
288752,33
263022,31
218110,57
250970,2
282281,33
299061,1
298201,26
209192,57
263711,39
290021,57
260600,33
251140,57
288710,1
237532,28
298012,57
229912,40
220201,33
272342,57
229522,22
269942,57
226712,57
278681,10
210332,46
204382,57
229211,57
292662,2
227001,53
272092,57
293400,2
292510,57
216630,46
217201,2
285942,33
203580,21
280220,22
283300,1
221571,57
208542,57
208941,26
266820,2
210132,3
211611,57
244340,14
217961,33
253572,57
225000,2
279672,19
218901,44
246772,57
292970,18
264462,11
299040,44
258382,33
296101,2
210890,27
258582,57
233710,54
233711,57
283760,40
283761,21
289842,57
260610,31
231950,49
201300,33
201301,44
274100,33
214561,40
206380,39
270801,53
249560,2
247830,11
235940,57
230101,1
250112,57
289002,57
215042,33
262461,13
281011,2
227952,46
201460,50
296432,57
296430,33
296431,33
255941,33
287111,57
269301,57
221032,57
239700,57
239701,2
207680,57
210541,33
287540,20
296790,33
214241,57
216560,24
240190,22
224282,22
231502,2
216042,2
273261,33
269700,22
290071,57
292832,57
201541,19
262890,43
279352,2
279351,33
244892,33
204480,50
215910,57
270562,18
255512,57
255071,57
226891,2
214972,17
221542,33
272872,57
272871,39
225660,32
265141,33
260200,30
264092,57
206880,57
267801,2
243760,35
275632,57
294142,33
256870,57
275220,39
244522,2
284041,57
240052,2
252670,57
298330,57
201862,33
208502,40
223700,57
249042,57
247561,15
247562,27
270380,26
217392,33
264122,57
291292,53
258140,57
286422,57
227512,43
247742,33
257552,2
229281,57
214312,57
239551,57
244861,57
299720,57
245380,57
251720,33
239880,20
239881,57
298142,57
236591,33
239900,2
202340,57
233250,57
244902,42
208221,57
215091,17
293430,2
249232,57
267290,2
259622,57
265271,33
263902,33
291681,57
289772,33
290161,33
293931,33
256652,33
229302,39
256141,33
267002,12
258251,33
254450,57
261781,37
237861,12
240421,57
240422,57
240292,2
243692,57
296720,27
219971,48
212940,57
288452,57
265361,33
235892,2
208272,43
284841,33
201931,57
211822,33
240972,33
232822,57
293361,53
294762,2
286722,56
280160,2
211571,39
201702,39
220682,2
224861,2
237491,33
258632,57
258631,57
222191,44
224140,33
252341,55
228830,13
213661,33
282712,57
282711,13
202501,2
230542,57
231152,33
231150,25
207862,57
254650,6
210621,18
214442,2
268551,33
259782,2
247780,22
247782,33
208611,57
297021,57
254552,2
254551,2
210290,47
210292,33
267852,57
240380,2
202812,33
231601,39
288531,2
267352,41
219810,52
217300,2
264810,18
270481,3
241652,57
272000,33
227890,2
212101,57
260411,33
263520,12
215150,33
224601,57
224602,57
295240,33
215362,0
220121,2
233130,33
233131,22
222061,33
221911,57
292072,4
228072,57
251340,57
253880,56
253881,57
253882,21
239341,57
264860,33
280632,57
226621,57
226622,2
252410,57
252412,2
272270,2
261310,38
261311,57
231342,57
269711,57
219612,44
251001,2
271542,57
222611,53
263792,56
282770,57
282771,21
239580,46
214851,2
292530,33
292531,44
240032,2
278832,39
248111,40
250680,57
258492,57
235392,33
235391,33
210170,33
239951,57
252201,33
246281,50
274352,13
274350,33
281791,57
253291,38
270870,53
248361,57
231060,33
230930,2
215000,56
269410,2
269412,57
232780,23
222772,57
256281,57
282562,57
231742,33
273092,57
262802,33
249010,57
235402,57
271340,57
242202,33
297391,57
217512,57
298642,33
255252,56
288382,56
285201,2
215051,2
225831,39
247271,57
237120,33
244432,57
273392,57
238921,57
298760,57
293102,33
217831,2
259771,33
205371,57
245992,57
224752,31
228191,33
228391,33
277410,5
239310,2
225802,57
264111,3
296371,1
226670,17
294591,57
231650,57
205752,2
247432,56
247431,57
272832,33
290681,22
204160,33
234471,33
242440,5
238812,2
235912,26
286602,57
200430,55
202830,33
225271,38
286332,33
238481,13
261331,29
294431,8
258960,33
227780,57
227781,2
231022,57
236941,57
264622,57
225892,57
236810,57
262790,3
282650,33
269250,42
269252,2
253482,57
288842,1
225452,53
238010,18
216902,57
244472,33
274090,57
274710,48
221622,33
248830,13
249641,2
218350,57
257372,56
219821,33
234300,57
252122,1
240070,57
246730,33
248932,1
267270,57
278450,56
251702,57
243231,33
209282,57
225562,2
218991,33
273311,57
233402,57
286571,33
293490,3
202792,33
249412,57
295260,57
295261,57
218382,57
285912,57
239171,44
200770,57
280762,2
217192,29
205410,2
289541,17
235960,22
262570,57
283610,33
283611,53
243472,33
269472,57
269471,2
222010,13
275372,6
237480,57
237482,57
274082,57
286952,55
253982,33
279900,33
279902,57
223092,27
215290,22
203780,33
235000,57
233581,2
233582,57
227490,50
205472,56
248741,57
205072,2
200070,36
233340,18
296831,1
274430,33
223782,13
229670,23
209831,2
285180,1
254331,57
236271,11
224020,57
280000,33
237262,13
221602,50
214060,14
242792,2
208470,33
207432,57
232331,33
240711,1
211040,57
256630,18
280820,57
248971,39
223451,2
226352,3
226351,49
293592,53
241661,50
284021,39
289132,33
221320,21
226600,57
249811,37
283130,13
251542,57
241291,27
258022,33
201880,33
224801,57
241842,33
287810,57
224781,39
202592,33
286551,33
204802,57
274752,9
225372,33
279811,39
284380,57
284382,33
247472,2
218931,22
235340,37
224152,33
224150,57
224212,57
234891,39
241331,8
241332,2
222852,57
252241,2
247042,2
297380,3
286152,27
235661,2
249141,2
239150,57
220300,57
220301,2
278571,33
240862,2
289040,57
264162,57
278512,33
271680,33
247362,39
259211,18
283480,2
270250,33
215462,57
298361,31
234672,57
281642,39
266420,57
229902,2
293711,57
257670,2
261130,57
231002,33
203660,10
287451,57
281530,2
265881,57
265882,27
295802,57
272360,2
260051,33
293732,57
224422,33
201632,3
286871,0
210930,31
240982,57
225590,39
211322,57
232911,55
212231,56
275060,17
225091,57
257711,22
261171,57
261172,22
268160,57
268161,33
284871,24
285291,57
294450,1
259671,57
268922,2
224512,33
211691,14
221520,57
298180,57
293061,39
217452,2
259370,33
259372,57
286030,33
208312,33
208310,22
236881,33
287702,6
201362,56
252001,33
278940,18
278941,56
217860,2
207121,31
273811,53
244940,57
234490,33
234491,2
267080,41
293752,57
258111,27
235841,39
277560,33
277561,2
288612,1
247211,33
218611,2
218612,57
231530,57
231532,56
296702,33
211520,57
252902,57
270021,19
270022,57
257901,2
257902,57
276242,33
248342,33
226792,56
226791,33
281971,46
257732,53
284150,15
284151,2
235802,57
293232,33
214690,2
239031,57
236031,57
256172,57
227842,57
270601,2
270602,57
219532,57
275352,57
252071,57
277080,55
287290,57
201051,18
250931,2
268400,8
295102,33
245950,2
229182,3
224992,33
209651,33
288122,53
234622,53
274410,17
293531,57
295360,57
281662,2
227450,2
276901,41
215271,43
271900,53
271902,57
250011,57
258091,17
216142,57
224001,57
251281,2
279110,57
209160,11
214640,56
259732,57
293190,33
258980,57
200061,2
245462,3
293392,18
293390,56
248980,2
277370,2
258390,57
206171,2
251690,57
289812,53
217041,57
253911,33
203080,56
272560,33
262761,57
287180,57
250560,33
208261,57
235561,33
244112,3
241891,57
220860,57
251492,4
230080,57
224451,5
243000,2
219032,31
219031,29
263142,57
269761,57
201352,33
276910,33
257172,33
204871,33
272990,2
232281,33
276800,57
276801,57
212652,56
291812,10
255822,57
235011,57
235012,57
247960,57
247962,57
285782,38
295330,17
295332,2
231721,57
267462,57
289362,55
241120,15
246480,50
246481,57
273692,9
271452,28
299802,0
219292,33
250330,30
241381,31
229431,15
280792,1
290872,57
272792,57
219780,2
201410,56
285020,9
255701,56
213672,57
213670,33
221530,57
255491,57
219250,33
219252,33
227722,33
202621,13
211981,33
277841,57
297121,50
204300,45
204301,2
283751,33
291301,37
214552,39
244061,4
259071,57
261651,2
266882,39
287101,57
225502,2
256081,57
252131,2
220382,57
229531,56
298322,42
210952,2
253491,57
260882,57
250291,2
249522,22
213072,3
296651,13
220702,57
257971,33
217052,2
243280,53
212891,2
281442,2
219901,12
216092,57
285632,22
256110,3
255030,2
271032,21
290731,57
244330,57
242822,57
235110,57
215622,33
200472,53
263661,39
225670,57
279621,2
262941,57
232272,1
252140,57
220952,39
272582,41
260582,2
204812,53
267872,57
200530,12
283162,33
277720,33
291721,57
202280,57
220101,57
234832,57
215340,33
234322,2
238840,57
294231,57
220872,43
220870,33
264830,57
299751,39
221552,57
221551,33
281820,2
292170,33
266060,41
294540,44
234881,34
218472,33
209292,2
261102,13
254040,6
251370,57
248392,18
249001,2
250360,3
279081,1
229361,57
239432,25
244632,57
266520,33
291441,57
209001,2
265941,2
230402,2
291641,19
239200,57
212821,33
270940,57
223840,13
223842,2
273762,33
271841,57
243621,44
229732,57
233222,57
242891,50
204530,57
245201,25
272200,57
245242,33
233832,57
233831,53
274692,53
214480,33
233460,56
225972,1
217752,33
261201,2
255501,39
204651,50
242760,33
288882,57
282060,57
212780,57
243542,53
278372,33
264751,2
236751,2
265472,57
218312,55
